road_id,segment_id,road_name,from_street,to_street,jurisdiction,latitude,longitude,road_length_miles,lanes,surface_type,functional_class,pci,condition_date,traffic_level,adt,age_years,freeze_thaw,recommended_treatment,treatment_cost_per_lane_mile,data_status,data_source,data_updated_at
BLK-ROAD-1,BLK-1-9142013800547738005405,Varden Dr,,,Blackman Charter Township,42.260958143291454,-84.44121679159066,0.071312,2,Asphalt,Local,65,2026-08-16,Medium,1000,10,Moderate,Crack Seal,1,provisional,Michigan GIS Open Data + Paventra rehearsal assumptions,2026-08-16
BLK-ROAD-2,BLK-2-9146063800548038005477,Dover Ave,,,Blackman Charter Township,42.26095563765856,-84.44293251487375,0.087932,2,Asphalt,Local,65,2026-08-16,Medium,1000,10,Moderate,Crack Seal,1,provisional,Michigan GIS Open Data + Paventra rehearsal assumptions,2026-08-16
BLK-ROAD-3,BLK-3-8974083800548038005410,Maynard Ave,,,Blackman Charter Township,42.26095563765856,-84.44293251487375,0.071244,2,Asphalt,Local,65,2026-08-16,Medium,1000,10,Moderate,Crack Seal,1,provisional,Michigan GIS Open Data + Paventra rehearsal assumptions,2026-08-16
BLK-ROAD-4,BLK-4-9142013800553638005477,Varden Dr,,,Blackman Charter Township,42.25999775179103,-84.44121241891771,0.066261,2,Asphalt,Local,65,2026-08-16,Medium,1000,10,Moderate,Crack Seal,1,provisional,Michigan GIS Open Data + Paventra rehearsal assumptions,2026-08-16
BLK-ROAD-5,BLK-5-9146053800553438005536,Chesning St,,,Blackman Charter Township,42.2600042873144,-84.44294456144216,0.088774,2,Asphalt,Local,65,2026-08-16,Medium,1000,10,Moderate,Crack Seal,1,provisional,Michigan GIS Open Data + Paventra rehearsal assumptions,2026-08-16
BLK-ROAD-6,BLK-6-8974083800553438005480,Maynard Rd,,,Blackman Charter Township,42.2600042873144,-84.44294456144216,0.06564,2,Asphalt,Local,65,2026-08-16,Medium,1000,10,Moderate,Crack Seal,1,provisional,Michigan GIS Open Data + Paventra rehearsal assumptions,2026-08-16
BLK-ROAD-7,BLK-7-9142083800565738005384,Wayne St,,,Blackman Charter Township,42.25899161657369,-84.43448459104246,0.208051,2,Asphalt,Local,65,2026-08-16,Medium,1000,10,Moderate,Crack Seal,1,provisional,Michigan GIS Open Data + Paventra rehearsal assumptions,2026-08-16
BLK-ROAD-8,BLK-8-9144093800564938005382,N Brown St,,,Blackman Charter Township,42.25896813076773,-84.43315142249108,0.208069,2,Asphalt,Local,65,2026-08-16,Medium,1000,10,Moderate,Crack Seal,1,provisional,Michigan GIS Open Data + Paventra rehearsal assumptions,2026-08-16
BLK-ROAD-9,BLK-9-9143013800565738005649,W North St,,,Blackman Charter Township,42.25899161657369,-84.43448459104246,0.068346,2,Asphalt,Local,65,2026-08-16,Medium,1000,10,Moderate,Crack Seal,1,provisional,Michigan GIS Open Data + Paventra rehearsal assumptions,2026-08-16
BLK-ROAD-10,BLK-10-8974083800564238005534,Maynard Ave,,,Blackman Charter Township,42.2590935305136,-84.44294072091469,0.062837,2,Asphalt,Local,65,2026-08-16,Medium,1000,10,Moderate,Crack Seal,1,provisional,Michigan GIS Open Data + Paventra rehearsal assumptions,2026-08-16
BLK-ROAD-11,BLK-11-9143013800565838005657,W North St,,,Blackman Charter Township,42.25898168687686,-84.43586717790554,0.070863,2,Asphalt,Local,65,2026-08-16,Medium,1000,10,Moderate,Crack Seal,1,provisional,Michigan GIS Open Data + Paventra rehearsal assumptions,2026-08-16
BLK-ROAD-12,BLK-12-9142073800565838005390,Winifred St,,,Blackman Charter Township,42.25898168687686,-84.43586717790554,0.20811,2,Asphalt,Local,65,2026-08-16,Medium,1000,10,Moderate,Crack Seal,1,provisional,Michigan GIS Open Data + Paventra rehearsal assumptions,2026-08-16
BLK-ROAD-13,BLK-13-9143013800565938005658,W North St,,,Blackman Charter Township,42.258986480038665,-84.43706846262806,0.061568,2,Asphalt,Local,65,2026-08-16,Medium,1000,10,Moderate,Crack Seal,1,provisional,Michigan GIS Open Data + Paventra rehearsal assumptions,2026-08-16
BLK-ROAD-14,BLK-14-9142063800565938005391,Longfellow Ave,,,Blackman Charter Township,42.258986480038665,-84.43706846262806,0.207333,2,Asphalt,Local,65,2026-08-16,Medium,1000,10,Moderate,Crack Seal,1,provisional,Michigan GIS Open Data + Paventra rehearsal assumptions,2026-08-16
BLK-ROAD-15,BLK-15-9143013800566138005659,W North St,,,Blackman Charter Township,42.25898293754924,-84.4382120219363,0.05861,2,Asphalt,Local,65,2026-08-16,Medium,1000,10,Moderate,Crack Seal,1,provisional,Michigan GIS Open Data + Paventra rehearsal assumptions,2026-08-16
BLK-ROAD-16,BLK-16-9142053800566138005396,Lowell Ave,,,Blackman Charter Township,42.25898293754924,-84.4382120219363,0.207776,2,Asphalt,Local,65,2026-08-16,Medium,1000,10,Moderate,Crack Seal,1,provisional,Michigan GIS Open Data + Paventra rehearsal assumptions,2026-08-16
BLK-ROAD-17,BLK-17-9142013800566538005536,Varden Dr,,,Blackman Charter Township,42.25901418822236,-84.44121824555728,0.06786,2,Asphalt,Local,65,2026-08-16,Medium,1000,10,Moderate,Crack Seal,1,provisional,Michigan GIS Open Data + Paventra rehearsal assumptions,2026-08-16
BLK-ROAD-18,BLK-18-9142033800566438005402,Browning Ave,,,Blackman Charter Township,42.25900242304424,-84.44044639120054,0.206592,2,Asphalt,Local,65,2026-08-16,Medium,1000,10,Moderate,Crack Seal,1,provisional,Michigan GIS Open Data + Paventra rehearsal assumptions,2026-08-16
BLK-ROAD-19,BLK-19-9143013800566538005664,W North St,,,Blackman Charter Township,42.25901418822236,-84.44121824555728,0.039567,2,Asphalt,Local,65,2026-08-16,Medium,1000,10,Moderate,Crack Seal,1,provisional,Michigan GIS Open Data + Paventra rehearsal assumptions,2026-08-16
BLK-ROAD-20,BLK-20-9143013800566338005661,W North St,,,Blackman Charter Township,42.258970337686165,-84.43932894828724,0.057251,2,Asphalt,Local,65,2026-08-16,Medium,1000,10,Moderate,Crack Seal,1,provisional,Michigan GIS Open Data + Paventra rehearsal assumptions,2026-08-16
BLK-ROAD-21,BLK-21-9142043800566338005398,Bryant Ave,,,Blackman Charter Township,42.258970337686165,-84.43932894828724,0.208606,2,Asphalt,Local,65,2026-08-16,Medium,1000,10,Moderate,Crack Seal,1,provisional,Michigan GIS Open Data + Paventra rehearsal assumptions,2026-08-16
BLK-ROAD-22,BLK-22-9143013800566438005663,W North St,,,Blackman Charter Township,42.25900242304424,-84.44044639120054,0.057313,2,Asphalt,Local,65,2026-08-16,Medium,1000,10,Moderate,Crack Seal,1,provisional,Michigan GIS Open Data + Paventra rehearsal assumptions,2026-08-16
BLK-ROAD-23,BLK-23-9143013800567038005665,W North St,,,Blackman Charter Township,42.25900237063172,-84.44294434948928,0.088469,2,Asphalt,Local,65,2026-08-16,Medium,1000,10,Moderate,Crack Seal,1,provisional,Michigan GIS Open Data + Paventra rehearsal assumptions,2026-08-16
BLK-ROAD-24,BLK-24-8974083800567038005642,Maynard Ave,,,Blackman Charter Township,42.25900237063172,-84.44294434948928,0.006292,2,Asphalt,Local,65,2026-08-16,Medium,1000,10,Moderate,Crack Seal,1,provisional,Michigan GIS Open Data + Paventra rehearsal assumptions,2026-08-16
BLK-ROAD-25,BLK-25-9141073800564838005415,Concord Blvd,,,Blackman Charter Township,42.25901812069297,-84.44535987943037,0.203702,2,Asphalt,Local,65,2026-08-16,Medium,1000,10,Moderate,Crack Seal,1,provisional,Michigan GIS Open Data + Paventra rehearsal assumptions,2026-08-16
BLK-ROAD-26,BLK-26-33815803800564638005670,Savoy St,,,Blackman Charter Township,42.2589996772363,-84.44411882663378,0.060194,2,Asphalt,Local,65,2026-08-16,Medium,1000,10,Moderate,Crack Seal,1,provisional,Michigan GIS Open Data + Paventra rehearsal assumptions,2026-08-16
BLK-ROAD-27,BLK-27-9141093800564638005413,Denecourt St,,,Blackman Charter Township,42.2589996772363,-84.44411882663378,0.205153,2,Asphalt,Local,65,2026-08-16,Medium,1000,10,Moderate,Crack Seal,1,provisional,Michigan GIS Open Data + Paventra rehearsal assumptions,2026-08-16
BLK-ROAD-28,BLK-28-33815803800564838005646,Savoy St,,,Blackman Charter Township,42.25901812069297,-84.44535987943037,0.063618,2,Asphalt,Local,65,2026-08-16,Medium,1000,10,Moderate,Crack Seal,1,provisional,Michigan GIS Open Data + Paventra rehearsal assumptions,2026-08-16
BLK-ROAD-29,BLK-29-33815803800565238005648,Savoy St,,,Blackman Charter Township,42.25902376634882,-84.4465831222326,0.062694,2,Asphalt,Local,65,2026-08-16,Medium,1000,10,Moderate,Crack Seal,1,provisional,Michigan GIS Open Data + Paventra rehearsal assumptions,2026-08-16
BLK-ROAD-30,BLK-30-9141053800565238005417,Bellevue Ave,,,Blackman Charter Township,42.25902376634882,-84.4465831222326,0.203939,2,Asphalt,Local,65,2026-08-16,Medium,1000,10,Moderate,Crack Seal,1,provisional,Michigan GIS Open Data + Paventra rehearsal assumptions,2026-08-16
BLK-ROAD-31,BLK-31-33801123800565438005421,Laurence Ave,,,Blackman Charter Township,42.25902548210206,-84.44775600026168,0.207352,2,Asphalt,Local,65,2026-08-16,Medium,1000,10,Moderate,Crack Seal,1,provisional,Michigan GIS Open Data + Paventra rehearsal assumptions,2026-08-16
BLK-ROAD-32,BLK-32-9000013801857338017068,Woodville Rd,,,Blackman Charter Township,42.259211584922,-84.47732626800418,0.011735,2,Asphalt,Local,65,2026-08-16,Medium,1000,10,Moderate,Crack Seal,1,provisional,Michigan GIS Open Data + Paventra rehearsal assumptions,2026-08-16
BLK-ROAD-33,BLK-33-8998023800572038020142,M 60,,,Blackman Charter Township,42.25888205924812,-84.47632724751273,0.269707,2,Asphalt,Local,65,2026-08-16,Medium,1000,10,Moderate,Crack Seal,1,provisional,Michigan GIS Open Data + Paventra rehearsal assumptions,2026-08-16
BLK-ROAD-34,BLK-34-8998013800572238020141,M 60,,,Blackman Charter Township,42.25886585531196,-84.47667345920395,0.270136,2,Asphalt,Local,65,2026-08-16,Medium,1000,10,Moderate,Crack Seal,1,provisional,Michigan GIS Open Data + Paventra rehearsal assumptions,2026-08-16
BLK-ROAD-35,BLK-35-9000013801669438018573,Woodville Rd,,,Blackman Charter Township,42.25893665197363,-84.48324626029046,0.304,2,Asphalt,Local,65,2026-08-16,Medium,1000,10,Moderate,Crack Seal,1,provisional,Michigan GIS Open Data + Paventra rehearsal assumptions,2026-08-16
BLK-ROAD-36,BLK-36-9048093801669438005448,Blackman Rd,,,Blackman Charter Township,42.25893665197363,-84.48324626029046,0.21657,2,Asphalt,Local,65,2026-08-16,Medium,1000,10,Moderate,Crack Seal,1,provisional,Michigan GIS Open Data + Paventra rehearsal assumptions,2026-08-16
BLK-ROAD-37,BLK-37-9142013800574738005665,Varden Dr,,,Blackman Charter Township,42.25806546408184,-84.44122047124647,0.065456,2,Asphalt,Local,65,2026-08-16,Medium,1000,10,Moderate,Crack Seal,1,provisional,Michigan GIS Open Data + Paventra rehearsal assumptions,2026-08-16
BLK-ROAD-38,BLK-38-8974083800574838005670,Maynard Ave,,,Blackman Charter Township,42.25807812570158,-84.44296020225575,0.063772,2,Asphalt,Local,65,2026-08-16,Medium,1000,10,Moderate,Crack Seal,1,provisional,Michigan GIS Open Data + Paventra rehearsal assumptions,2026-08-16
BLK-ROAD-39,BLK-39-9146043800574838005747,Lancaster Blvd,,,Blackman Charter Township,42.25807812570158,-84.44296020225575,0.089249,2,Asphalt,Local,65,2026-08-16,Medium,1000,10,Moderate,Crack Seal,1,provisional,Michigan GIS Open Data + Paventra rehearsal assumptions,2026-08-16
BLK-ROAD-40,BLK-40-9048093801856038016694,Blackman Rd,,,Blackman Charter Township,42.258447633575365,-84.48324765297978,0.033739,2,Asphalt,Local,65,2026-08-16,Medium,1000,10,Moderate,Crack Seal,1,provisional,Michigan GIS Open Data + Paventra rehearsal assumptions,2026-08-16
BLK-ROAD-41,BLK-41-9142033800579938005664,Browning Ave,,,Blackman Charter Township,42.25716439275395,-84.44046399497593,0.126815,2,Asphalt,Local,65,2026-08-16,Medium,1000,10,Moderate,Crack Seal,1,provisional,Michigan GIS Open Data + Paventra rehearsal assumptions,2026-08-16
BLK-ROAD-42,BLK-42-9146033800580238005799,Westminster St,,,Blackman Charter Township,42.25717348347899,-84.4412069409065,0.038083,2,Asphalt,Local,65,2026-08-16,Medium,1000,10,Moderate,Crack Seal,1,provisional,Michigan GIS Open Data + Paventra rehearsal assumptions,2026-08-16
BLK-ROAD-43,BLK-43-9142013800580238005747,Varden Dr,,,Blackman Charter Township,42.25717348347899,-84.4412069409065,0.061545,2,Asphalt,Local,65,2026-08-16,Medium,1000,10,Moderate,Crack Seal,1,provisional,Michigan GIS Open Data + Paventra rehearsal assumptions,2026-08-16
BLK-ROAD-44,BLK-44-9146033800580638005802,Westminster St,,,Blackman Charter Township,42.257161804865035,-84.44296108169748,0.089908,2,Asphalt,Local,65,2026-08-16,Medium,1000,10,Moderate,Crack Seal,1,provisional,Michigan GIS Open Data + Paventra rehearsal assumptions,2026-08-16
BLK-ROAD-45,BLK-45-8974083800580638005748,Maynard Ave,,,Blackman Charter Township,42.257161804865035,-84.44296108169748,0.06322,2,Asphalt,Local,65,2026-08-16,Medium,1000,10,Moderate,Crack Seal,1,provisional,Michigan GIS Open Data + Paventra rehearsal assumptions,2026-08-16
BLK-ROAD-46,BLK-46-33800538302158238017069,Woodville Rd,,,Blackman Charter Township,42.2575093569507,-84.46915491046747,0.394974,2,Asphalt,Local,65,2026-08-16,Medium,1000,10,Moderate,Crack Seal,1,provisional,Michigan GIS Open Data + Paventra rehearsal assumptions,2026-08-16
BLK-ROAD-47,BLK-47-9144093800584338005649,N Brown St,,,Blackman Charter Township,42.25668968333937,-84.43317659949997,0.157203,2,Asphalt,Local,65,2026-08-16,Medium,1000,10,Moderate,Crack Seal,1,provisional,Michigan GIS Open Data + Paventra rehearsal assumptions,2026-08-16
BLK-ROAD-48,BLK-48-8983073800585138005843,Hallett St,,,Blackman Charter Township,42.256691112133915,-84.43452556643057,0.069139,2,Asphalt,Local,65,2026-08-16,Medium,1000,10,Moderate,Crack Seal,1,provisional,Michigan GIS Open Data + Paventra rehearsal assumptions,2026-08-16
BLK-ROAD-49,BLK-49-9142083800585138005657,Wayne St,,,Blackman Charter Township,42.256691112133915,-84.43452556643057,0.158733,2,Asphalt,Local,65,2026-08-16,Medium,1000,10,Moderate,Crack Seal,1,provisional,Michigan GIS Open Data + Paventra rehearsal assumptions,2026-08-16
BLK-ROAD-50,BLK-50-8983073800585838005851,Hallett St,,,Blackman Charter Township,42.25670632944144,-84.43589736563558,0.070317,2,Asphalt,Local,65,2026-08-16,Medium,1000,10,Moderate,Crack Seal,1,provisional,Michigan GIS Open Data + Paventra rehearsal assumptions,2026-08-16
BLK-ROAD-51,BLK-51-9142073800585838005658,Winifred St,,,Blackman Charter Township,42.25670632944144,-84.43589736563558,0.156992,2,Asphalt,Local,65,2026-08-16,Medium,1000,10,Moderate,Crack Seal,1,provisional,Michigan GIS Open Data + Paventra rehearsal assumptions,2026-08-16
BLK-ROAD-52,BLK-52-9142063800585338005659,Longfellow Ave,,,Blackman Charter Township,42.256697113894525,-84.43706470904739,0.157951,2,Asphalt,Local,65,2026-08-16,Medium,1000,10,Moderate,Crack Seal,1,provisional,Michigan GIS Open Data + Paventra rehearsal assumptions,2026-08-16
BLK-ROAD-53,BLK-53-9174013800586238005853,Hallett St,,,Blackman Charter Township,42.256683925696194,-84.43820879035734,0.058645,2,Asphalt,Local,65,2026-08-16,Medium,1000,10,Moderate,Crack Seal,1,provisional,Michigan GIS Open Data + Paventra rehearsal assumptions,2026-08-16
BLK-ROAD-54,BLK-54-9142053800586238005661,Lowell Ave,,,Blackman Charter Township,42.256683925696194,-84.43820879035734,0.158617,2,Asphalt,Local,65,2026-08-16,Medium,1000,10,Moderate,Crack Seal,1,provisional,Michigan GIS Open Data + Paventra rehearsal assumptions,2026-08-16
BLK-ROAD-55,BLK-55-9174013800586638005862,Hallett St,,,Blackman Charter Township,42.25668663698042,-84.43932980926233,0.057456,2,Asphalt,Local,65,2026-08-16,Medium,1000,10,Moderate,Crack Seal,1,provisional,Michigan GIS Open Data + Paventra rehearsal assumptions,2026-08-16
BLK-ROAD-56,BLK-56-9142043800586638005663,Bryant Ave,,,Blackman Charter Township,42.25668663698042,-84.43932980926233,0.15756,2,Asphalt,Local,65,2026-08-16,Medium,1000,10,Moderate,Crack Seal,1,provisional,Michigan GIS Open Data + Paventra rehearsal assumptions,2026-08-16
BLK-ROAD-57,BLK-57-9174013800587138005866,Hallett St,,,Blackman Charter Township,42.25668512474816,-84.44045361759683,0.057599,2,Asphalt,Local,65,2026-08-16,Medium,1000,10,Moderate,Crack Seal,1,provisional,Michigan GIS Open Data + Paventra rehearsal assumptions,2026-08-16
BLK-ROAD-58,BLK-58-9142033800587138005799,Browning Ave,,,Blackman Charter Township,42.25668512474816,-84.44045361759683,0.033071,2,Asphalt,Local,65,2026-08-16,Medium,1000,10,Moderate,Crack Seal,1,provisional,Michigan GIS Open Data + Paventra rehearsal assumptions,2026-08-16
BLK-ROAD-59,BLK-59-8974083800585438005806,Maynard Rd,,,Blackman Charter Township,42.25671687706869,-84.44296972609247,0.0307,2,Asphalt,Local,65,2026-08-16,Medium,1000,10,Moderate,Crack Seal,1,provisional,Michigan GIS Open Data + Paventra rehearsal assumptions,2026-08-16
BLK-ROAD-60,BLK-60-9145033800585938005854,Loraine St,,,Blackman Charter Township,42.25672318109116,-84.44414645338115,0.060313,2,Asphalt,Local,65,2026-08-16,Medium,1000,10,Moderate,Crack Seal,1,provisional,Michigan GIS Open Data + Paventra rehearsal assumptions,2026-08-16
BLK-ROAD-61,BLK-61-9141093800585938005646,Denecourt St,,,Blackman Charter Township,42.25672318109116,-84.44414645338115,0.15707,2,Asphalt,Local,65,2026-08-16,Medium,1000,10,Moderate,Crack Seal,1,provisional,Michigan GIS Open Data + Paventra rehearsal assumptions,2026-08-16
BLK-ROAD-62,BLK-62-9145033800586438005859,Loraine St,,,Blackman Charter Township,42.2567178351063,-84.44535248190263,0.061814,2,Asphalt,Local,65,2026-08-16,Medium,1000,10,Moderate,Crack Seal,1,provisional,Michigan GIS Open Data + Paventra rehearsal assumptions,2026-08-16
BLK-ROAD-63,BLK-63-9141073800586438005648,Concord Blvd,,,Blackman Charter Township,42.2567178351063,-84.44535248190263,0.158705,2,Asphalt,Local,65,2026-08-16,Medium,1000,10,Moderate,Crack Seal,1,provisional,Michigan GIS Open Data + Paventra rehearsal assumptions,2026-08-16
BLK-ROAD-64,BLK-64-9145033800586738005864,Loraine St,,,Blackman Charter Township,42.25671358400878,-84.44658721153738,0.063285,2,Asphalt,Local,65,2026-08-16,Medium,1000,10,Moderate,Crack Seal,1,provisional,Michigan GIS Open Data + Paventra rehearsal assumptions,2026-08-16
BLK-ROAD-65,BLK-65-9141053800586738005652,Bellevue Ave,,,Blackman Charter Township,42.25671358400878,-84.44658721153738,0.159387,2,Asphalt,Local,65,2026-08-16,Medium,1000,10,Moderate,Crack Seal,1,provisional,Michigan GIS Open Data + Paventra rehearsal assumptions,2026-08-16
BLK-ROAD-66,BLK-66-9145033800587038005867,Loraine St,,,Blackman Charter Township,42.256713235923606,-84.4477452086289,0.059351,2,Asphalt,Local,65,2026-08-16,Medium,1000,10,Moderate,Crack Seal,1,provisional,Michigan GIS Open Data + Paventra rehearsal assumptions,2026-08-16
BLK-ROAD-67,BLK-67-33801123800587038005654,Laurence Ave,,,Blackman Charter Township,42.256713235923606,-84.4477452086289,0.159535,2,Asphalt,Local,65,2026-08-16,Medium,1000,10,Moderate,Crack Seal,1,provisional,Michigan GIS Open Data + Paventra rehearsal assumptions,2026-08-16
BLK-ROAD-68,BLK-68-9142013800589838005802,Varden Dr,,,Blackman Charter Township,42.25626899172329,-84.4412248034235,0.062411,2,Asphalt,Local,65,2026-08-16,Medium,1000,10,Moderate,Crack Seal,1,provisional,Michigan GIS Open Data + Paventra rehearsal assumptions,2026-08-16
BLK-ROAD-69,BLK-69-9146023800590338005898,Oxford Blvd,,,Blackman Charter Township,42.2562567039521,-84.44295925349287,0.088901,2,Asphalt,Local,65,2026-08-16,Medium,1000,10,Moderate,Crack Seal,1,provisional,Michigan GIS Open Data + Paventra rehearsal assumptions,2026-08-16
BLK-ROAD-70,BLK-70-8974083800590338005854,Maynard Ave,,,Blackman Charter Township,42.2562567039521,-84.44295925349287,0.031753,2,Asphalt,Local,65,2026-08-16,Medium,1000,10,Moderate,Crack Seal,1,provisional,Michigan GIS Open Data + Paventra rehearsal assumptions,2026-08-16
BLK-ROAD-71,BLK-71-9048093800594238018560,Blackman Rd,,,Blackman Charter Township,42.2564476304786,-84.48325334976502,0.137987,2,Asphalt,Local,65,2026-08-16,Medium,1000,10,Moderate,Crack Seal,1,provisional,Michigan GIS Open Data + Paventra rehearsal assumptions,2026-08-16
BLK-ROAD-72,BLK-72-33800533800605483021582,Woodville Rd,,,Blackman Charter Township,42.25523250213526,-84.46749425272742,0.185989,2,Asphalt,Local,65,2026-08-16,Medium,1000,10,Moderate,Crack Seal,1,provisional,Michigan GIS Open Data + Paventra rehearsal assumptions,2026-08-16
BLK-ROAD-73,BLK-73-9144093800608238005843,N Brown St,,,Blackman Charter Township,42.254711984524455,-84.43316951603742,0.136448,2,Asphalt,Local,65,2026-08-16,Medium,1000,10,Moderate,Crack Seal,1,provisional,Michigan GIS Open Data + Paventra rehearsal assumptions,2026-08-16
BLK-ROAD-74,BLK-74-9018093800608338006082,W Ganson St,,,Blackman Charter Township,42.254699215962596,-84.4345176598315,0.069105,2,Asphalt,Local,65,2026-08-16,Medium,1000,10,Moderate,Crack Seal,1,provisional,Michigan GIS Open Data + Paventra rehearsal assumptions,2026-08-16
BLK-ROAD-75,BLK-75-9142083800608338005851,Wayne St,,,Blackman Charter Township,42.254699215962596,-84.4345176598315,0.137428,2,Asphalt,Local,65,2026-08-16,Medium,1000,10,Moderate,Crack Seal,1,provisional,Michigan GIS Open Data + Paventra rehearsal assumptions,2026-08-16
BLK-ROAD-76,BLK-76-9018093800608938006083,W Ganson St,,,Blackman Charter Township,42.25469084555769,-84.43591156425359,0.071447,2,Asphalt,Local,65,2026-08-16,Medium,1000,10,Moderate,Crack Seal,1,provisional,Michigan GIS Open Data + Paventra rehearsal assumptions,2026-08-16
BLK-ROAD-77,BLK-77-9142073800608938005858,Winifred St,,,Blackman Charter Township,42.25469084555769,-84.43591156425359,0.139057,2,Asphalt,Local,65,2026-08-16,Medium,1000,10,Moderate,Crack Seal,1,provisional,Michigan GIS Open Data + Paventra rehearsal assumptions,2026-08-16
BLK-ROAD-78,BLK-78-9018093800609338006089,W Ganson St,,,Blackman Charter Township,42.25469843673971,-84.43707297596504,0.05953,2,Asphalt,Local,65,2026-08-16,Medium,1000,10,Moderate,Crack Seal,1,provisional,Michigan GIS Open Data + Paventra rehearsal assumptions,2026-08-16
BLK-ROAD-79,BLK-79-9142063800609338005853,Longfellow Ave,,,Blackman Charter Township,42.25469843673971,-84.43707297596504,0.137896,2,Asphalt,Local,65,2026-08-16,Medium,1000,10,Moderate,Crack Seal,1,provisional,Michigan GIS Open Data + Paventra rehearsal assumptions,2026-08-16
BLK-ROAD-80,BLK-80-9018093800609838006093,W Ganson St,,,Blackman Charter Township,42.254711231018156,-84.4382605476819,0.060875,2,Asphalt,Local,65,2026-08-16,Medium,1000,10,Moderate,Crack Seal,1,provisional,Michigan GIS Open Data + Paventra rehearsal assumptions,2026-08-16
BLK-ROAD-81,BLK-81-9142053800609838005862,Lowell Ave,,,Blackman Charter Township,42.254711231018156,-84.4382605476819,0.136482,2,Asphalt,Local,65,2026-08-16,Medium,1000,10,Moderate,Crack Seal,1,provisional,Michigan GIS Open Data + Paventra rehearsal assumptions,2026-08-16
BLK-ROAD-82,BLK-82-9002043802559738006098,Wildwood Ave,,,Blackman Charter Township,42.25470289126272,-84.43893703499371,0.034678,2,Asphalt,Local,65,2026-08-16,Medium,1000,10,Moderate,Crack Seal,1,provisional,Michigan GIS Open Data + Paventra rehearsal assumptions,2026-08-16
BLK-ROAD-83,BLK-83-9002043800610038025597,Wildwood Ave,,,Blackman Charter Township,42.254702986763135,-84.43934012720283,0.02066,2,Asphalt,Local,65,2026-08-16,Medium,1000,10,Moderate,Crack Seal,1,provisional,Michigan GIS Open Data + Paventra rehearsal assumptions,2026-08-16
BLK-ROAD-84,BLK-84-9142043800610038005866,Bryant Ave,,,Blackman Charter Township,42.254702986763135,-84.43934012720283,0.13686,2,Asphalt,Local,65,2026-08-16,Medium,1000,10,Moderate,Crack Seal,1,provisional,Michigan GIS Open Data + Paventra rehearsal assumptions,2026-08-16
BLK-ROAD-85,BLK-85-9048093800608138005942,Blackman Rd,,,Blackman Charter Township,42.255306391251345,-84.48326659617003,0.078741,2,Asphalt,Local,65,2026-08-16,Medium,1000,10,Moderate,Crack Seal,1,provisional,Michigan GIS Open Data + Paventra rehearsal assumptions,2026-08-16
BLK-ROAD-86,BLK-86-9002043800610438006100,Wildwood Ave,,,Blackman Charter Township,42.25469655172012,-84.44047827640726,0.058337,2,Asphalt,Local,65,2026-08-16,Medium,1000,10,Moderate,Crack Seal,1,provisional,Michigan GIS Open Data + Paventra rehearsal assumptions,2026-08-16
BLK-ROAD-87,BLK-87-9142033800610438005871,Browning Ave,,,Blackman Charter Township,42.25469655172012,-84.44047827640726,0.137204,2,Asphalt,Local,65,2026-08-16,Medium,1000,10,Moderate,Crack Seal,1,provisional,Michigan GIS Open Data + Paventra rehearsal assumptions,2026-08-16
BLK-ROAD-88,BLK-88-9002043800610638006104,Wildwood Ave,,,Blackman Charter Township,42.25468948300264,-84.4409875150549,0.026106,2,Asphalt,Local,65,2026-08-16,Medium,1000,10,Moderate,Crack Seal,1,provisional,Michigan GIS Open Data + Paventra rehearsal assumptions,2026-08-16
BLK-ROAD-89,BLK-89-9002043800610838006106,Wildwood Ave,,,Blackman Charter Township,42.25469876246915,-84.44171882437254,0.037489,2,Asphalt,Local,65,2026-08-16,Medium,1000,10,Moderate,Crack Seal,1,provisional,Michigan GIS Open Data + Paventra rehearsal assumptions,2026-08-16
BLK-ROAD-90,BLK-90-9142013800610838005898,Varden Dr,,,Blackman Charter Township,42.25469876246915,-84.44171882437254,0.113259,2,Asphalt,Local,65,2026-08-16,Medium,1000,10,Moderate,Crack Seal,1,provisional,Michigan GIS Open Data + Paventra rehearsal assumptions,2026-08-16
BLK-ROAD-91,BLK-91-9002043800610938006108,Wildwood Ave,,,Blackman Charter Township,42.254690550033246,-84.44196582710994,0.012673,2,Asphalt,Local,65,2026-08-16,Medium,1000,10,Moderate,Crack Seal,1,provisional,Michigan GIS Open Data + Paventra rehearsal assumptions,2026-08-16
BLK-ROAD-92,BLK-92-9002043800611138006109,Wildwood Ave,,,Blackman Charter Township,42.254698633084686,-84.44296792163054,0.051365,2,Asphalt,Local,65,2026-08-16,Medium,1000,10,Moderate,Crack Seal,1,provisional,Michigan GIS Open Data + Paventra rehearsal assumptions,2026-08-16
BLK-ROAD-93,BLK-93-8974083800611138005903,Maynard Ave,,,Blackman Charter Township,42.254698633084686,-84.44296792163054,0.107497,2,Asphalt,Local,65,2026-08-16,Medium,1000,10,Moderate,Crack Seal,1,provisional,Michigan GIS Open Data + Paventra rehearsal assumptions,2026-08-16
BLK-ROAD-94,BLK-94-9002043800611538006111,Wildwood Ave,,,Blackman Charter Township,42.254700073128696,-84.44415523654764,0.060856,2,Asphalt,Local,65,2026-08-16,Medium,1000,10,Moderate,Crack Seal,1,provisional,Michigan GIS Open Data + Paventra rehearsal assumptions,2026-08-16
BLK-ROAD-95,BLK-95-9141093800611538005859,Denecourt St,,,Blackman Charter Township,42.254700073128696,-84.44415523654764,0.139582,2,Asphalt,Local,65,2026-08-16,Medium,1000,10,Moderate,Crack Seal,1,provisional,Michigan GIS Open Data + Paventra rehearsal assumptions,2026-08-16
BLK-ROAD-96,BLK-96-9002043800611738006115,Wildwood Ave,,,Blackman Charter Township,42.25470386655062,-84.44527826975377,0.057561,2,Asphalt,Local,65,2026-08-16,Medium,1000,10,Moderate,Crack Seal,1,provisional,Michigan GIS Open Data + Paventra rehearsal assumptions,2026-08-16
BLK-ROAD-97,BLK-97-9002043800611838006117,Wildwood Ave,,,Blackman Charter Township,42.25470333465898,-84.4453716287816,0.004785,2,Asphalt,Local,65,2026-08-16,Medium,1000,10,Moderate,Crack Seal,1,provisional,Michigan GIS Open Data + Paventra rehearsal assumptions,2026-08-16
BLK-ROAD-98,BLK-98-9141073800611838005864,Concord Blvd,,,Blackman Charter Township,42.25470333465898,-84.4453716287816,0.138991,2,Asphalt,Local,65,2026-08-16,Medium,1000,10,Moderate,Crack Seal,1,provisional,Michigan GIS Open Data + Paventra rehearsal assumptions,2026-08-16
BLK-ROAD-99,BLK-99-8998023800611338005720,M 60,,,Blackman Charter Township,42.25512829769299,-84.47608414601252,0.259284,2,Asphalt,Local,65,2026-08-16,Medium,1000,10,Moderate,Crack Seal,1,provisional,Michigan GIS Open Data + Paventra rehearsal assumptions,2026-08-16
BLK-ROAD-100,BLK-100-8998013800611438005722,M 60,,,Blackman Charter Township,42.25512284250795,-84.4764557319425,0.258484,2,Asphalt,Local,65,2026-08-16,Medium,1000,10,Moderate,Crack Seal,1,provisional,Michigan GIS Open Data + Paventra rehearsal assumptions,2026-08-16
BLK-ROAD-101,BLK-101-9002043800612138006118,Wildwood Ave,,,Blackman Charter Township,42.2547027613853,-84.44641773183558,0.053618,2,Asphalt,Local,65,2026-08-16,Medium,1000,10,Moderate,Crack Seal,1,provisional,Michigan GIS Open Data + Paventra rehearsal assumptions,2026-08-16
BLK-ROAD-102,BLK-102-9002043800612238006121,Wildwood Ave,,,Blackman Charter Township,42.25470311507987,-84.44658749302144,0.008701,2,Asphalt,Local,65,2026-08-16,Medium,1000,10,Moderate,Crack Seal,1,provisional,Michigan GIS Open Data + Paventra rehearsal assumptions,2026-08-16
BLK-ROAD-103,BLK-103-9141053800612238005867,Bellevue Ave,,,Blackman Charter Township,42.25470311507987,-84.44658749302144,0.138709,2,Asphalt,Local,65,2026-08-16,Medium,1000,10,Moderate,Crack Seal,1,provisional,Michigan GIS Open Data + Paventra rehearsal assumptions,2026-08-16
BLK-ROAD-104,BLK-104-9002043800612538006122,Wildwood Ave,,,Blackman Charter Township,42.25470960218647,-84.4475950755158,0.051645,2,Asphalt,Local,65,2026-08-16,Medium,1000,10,Moderate,Crack Seal,1,provisional,Michigan GIS Open Data + Paventra rehearsal assumptions,2026-08-16
BLK-ROAD-105,BLK-105-33801123800612538005870,Laurence Ave,,,Blackman Charter Township,42.25470960218647,-84.4475950755158,0.138451,2,Asphalt,Local,65,2026-08-16,Medium,1000,10,Moderate,Crack Seal,1,provisional,Michigan GIS Open Data + Paventra rehearsal assumptions,2026-08-16
BLK-ROAD-106,BLK-106-9002043801927838006125,Wildwood Ave,,,Blackman Charter Township,42.25470086809477,-84.44814520975892,0.028203,2,Asphalt,Local,65,2026-08-16,Medium,1000,10,Moderate,Crack Seal,1,provisional,Michigan GIS Open Data + Paventra rehearsal assumptions,2026-08-16
BLK-ROAD-107,BLK-107-9002043800612838019278,Wildwood Ave,,,Blackman Charter Township,42.25468958963894,-84.44893989430213,0.040739,2,Asphalt,Local,65,2026-08-16,Medium,1000,10,Moderate,Crack Seal,1,provisional,Michigan GIS Open Data + Paventra rehearsal assumptions,2026-08-16
BLK-ROAD-108,BLK-108-9141043800612838005423,Evanston Dr,,,Blackman Charter Township,42.25468958963894,-84.44893989430213,0.503563,2,Asphalt,Local,65,2026-08-16,Medium,1000,10,Moderate,Crack Seal,1,provisional,Michigan GIS Open Data + Paventra rehearsal assumptions,2026-08-16
BLK-ROAD-109,BLK-109-9002043800613138006128,Wildwood Ave,,,Blackman Charter Township,42.25468189675652,-84.44941511460063,0.024363,2,Asphalt,Local,65,2026-08-16,Medium,1000,10,Moderate,Crack Seal,1,provisional,Michigan GIS Open Data + Paventra rehearsal assumptions,2026-08-16
BLK-ROAD-110,BLK-110-9002043800613338006131,Wildwood Ave,,,Blackman Charter Township,42.25471048192271,-84.45171545025579,0.11792,2,Asphalt,Local,65,2026-08-16,Medium,1000,10,Moderate,Crack Seal,1,provisional,Michigan GIS Open Data + Paventra rehearsal assumptions,2026-08-16
BLK-ROAD-111,BLK-111-9141033800613338005426,Brentwood Rd,,,Blackman Charter Township,42.25471048192271,-84.45171545025579,0.502196,2,Asphalt,Local,65,2026-08-16,Medium,1000,10,Moderate,Crack Seal,1,provisional,Michigan GIS Open Data + Paventra rehearsal assumptions,2026-08-16
BLK-ROAD-112,BLK-112-9002043800613738006133,Wildwood Ave,,,Blackman Charter Township,42.25471236861472,-84.4525847901291,0.044559,2,Asphalt,Local,65,2026-08-16,Medium,1000,10,Moderate,Crack Seal,1,provisional,Michigan GIS Open Data + Paventra rehearsal assumptions,2026-08-16
BLK-ROAD-113,BLK-113-9141023800613738005427,Airport Rd,,,Blackman Charter Township,42.25471236861472,-84.4525847901291,0.503896,2,Asphalt,Local,65,2026-08-16,Medium,1000,10,Moderate,Crack Seal,1,provisional,Michigan GIS Open Data + Paventra rehearsal assumptions,2026-08-16
BLK-ROAD-114,BLK-114-8998023800615938006113,M 60,,,Blackman Charter Township,42.254896370184724,-84.47606992495308,0.016018,2,Asphalt,Local,65,2026-08-16,Medium,1000,10,Moderate,Crack Seal,1,provisional,Michigan GIS Open Data + Paventra rehearsal assumptions,2026-08-16
BLK-ROAD-115,BLK-115-8972073800616238006159,W Michigan Ave,,,Blackman Charter Township,42.2548775209288,-84.47644797433597,0.01942,2,Asphalt,Local,65,2026-08-16,Medium,1000,10,Moderate,Crack Seal,1,provisional,Michigan GIS Open Data + Paventra rehearsal assumptions,2026-08-16
BLK-ROAD-116,BLK-116-8998013800616238006114,M 60,,,Blackman Charter Township,42.2548775209288,-84.47644797433597,0.016947,2,Asphalt,Local,65,2026-08-16,Medium,1000,10,Moderate,Crack Seal,1,provisional,Michigan GIS Open Data + Paventra rehearsal assumptions,2026-08-16
BLK-ROAD-117,BLK-117-9048093800614438006081,Blackman Rd,,,Blackman Charter Township,42.254959916750835,-84.48326864388383,0.023905,2,Asphalt,Local,65,2026-08-16,Medium,1000,10,Moderate,Crack Seal,1,provisional,Michigan GIS Open Data + Paventra rehearsal assumptions,2026-08-16
BLK-ROAD-118,BLK-118-8972073802167338006156,W Michigan Ave,,,Blackman Charter Township,42.25471353814938,-84.46629485244544,0.031289,2,Asphalt,Local,65,2026-08-16,Medium,1000,10,Moderate,Crack Seal,1,provisional,Michigan GIS Open Data + Paventra rehearsal assumptions,2026-08-16
BLK-ROAD-119,BLK-119-8972073800615838021673,W Michigan Ave,,,Blackman Charter Township,42.254717780604615,-84.46674794956313,0.023225,2,Asphalt,Local,65,2026-08-16,Medium,1000,10,Moderate,Crack Seal,1,provisional,Michigan GIS Open Data + Paventra rehearsal assumptions,2026-08-16
BLK-ROAD-120,BLK-120-8972073800615938006167,W Michigan Ave,,,Blackman Charter Township,42.254896370184724,-84.47606992495308,0.122402,2,Asphalt,Local,65,2026-08-16,Medium,1000,10,Moderate,Crack Seal,1,provisional,Michigan GIS Open Data + Paventra rehearsal assumptions,2026-08-16
BLK-ROAD-121,BLK-121-8972073800616138006158,W Michigan Ave,,,Blackman Charter Township,42.25471949321928,-84.4675183017797,0.039484,2,Asphalt,Local,65,2026-08-16,Medium,1000,10,Moderate,Crack Seal,1,provisional,Michigan GIS Open Data + Paventra rehearsal assumptions,2026-08-16
BLK-ROAD-122,BLK-122-33800533800616138006054,Woodville Rd,,,Blackman Charter Township,42.25471949321928,-84.4675183017797,0.035416,2,Asphalt,Local,65,2026-08-16,Medium,1000,10,Moderate,Crack Seal,1,provisional,Michigan GIS Open Data + Paventra rehearsal assumptions,2026-08-16
BLK-ROAD-123,BLK-123-8972073800616738006164,W Michigan Ave,,,Blackman Charter Township,42.25481161434016,-84.4736880161489,0.009188,2,Asphalt,Local,65,2026-08-16,Medium,1000,10,Moderate,Crack Seal,1,provisional,Michigan GIS Open Data + Paventra rehearsal assumptions,2026-08-16
BLK-ROAD-124,BLK-124-8972073800616338006161,W Michigan Ave,,,Blackman Charter Township,42.25471330947277,-84.46877418743452,0.064372,2,Asphalt,Local,65,2026-08-16,Medium,1000,10,Moderate,Crack Seal,1,provisional,Michigan GIS Open Data + Paventra rehearsal assumptions,2026-08-16
BLK-ROAD-125,BLK-125-8972073800616538006163,W Michigan Ave,,,Blackman Charter Township,42.254728714662335,-84.47120180832789,0.124432,2,Asphalt,Local,65,2026-08-16,Medium,1000,10,Moderate,Crack Seal,1,provisional,Michigan GIS Open Data + Paventra rehearsal assumptions,2026-08-16
BLK-ROAD-126,BLK-126-8972073800617038006162,W Michigan Ave,,,Blackman Charter Township,42.25482645438272,-84.47885750812773,0.12355,2,Asphalt,Local,65,2026-08-16,Medium,1000,10,Moderate,Crack Seal,1,provisional,Michigan GIS Open Data + Paventra rehearsal assumptions,2026-08-16
BLK-ROAD-127,BLK-127-8972073800617238006170,W Michigan Ave,,,Blackman Charter Township,42.25483136135102,-84.47907744487779,0.011278,2,Asphalt,Local,65,2026-08-16,Medium,1000,10,Moderate,Crack Seal,1,provisional,Michigan GIS Open Data + Paventra rehearsal assumptions,2026-08-16
BLK-ROAD-128,BLK-128-8972073800616438006165,W Michigan Ave,,,Blackman Charter Township,42.25478975612549,-84.47351119007322,0.118475,2,Asphalt,Local,65,2026-08-16,Medium,1000,10,Moderate,Crack Seal,1,provisional,Michigan GIS Open Data + Paventra rehearsal assumptions,2026-08-16
BLK-ROAD-129,BLK-129-8972073800615638006174,W Michigan Ave,,,Blackman Charter Township,42.25470782110147,-84.46568444279325,0.099336,2,Asphalt,Local,65,2026-08-16,Medium,1000,10,Moderate,Crack Seal,1,provisional,Michigan GIS Open Data + Paventra rehearsal assumptions,2026-08-16
BLK-ROAD-130,BLK-130-8972073800617538006172,W Michigan Ave,,,Blackman Charter Township,42.25482014660062,-84.48035046942134,0.065253,2,Asphalt,Local,65,2026-08-16,Medium,1000,10,Moderate,Crack Seal,1,provisional,Michigan GIS Open Data + Paventra rehearsal assumptions,2026-08-16
BLK-ROAD-131,BLK-131-9142063800617338006093,Longfellow Ave,,,Blackman Charter Township,42.25421502577806,-84.43708556943744,0.033358,2,Asphalt,Local,65,2026-08-16,Medium,1000,10,Moderate,Crack Seal,1,provisional,Michigan GIS Open Data + Paventra rehearsal assumptions,2026-08-16
BLK-ROAD-132,BLK-132-9002043800609838006173,Wildwood Ave,,,Blackman Charter Township,42.254711231018156,-84.4382605476819,0.073359,2,Asphalt,Local,65,2026-08-16,Medium,1000,10,Moderate,Crack Seal,1,provisional,Michigan GIS Open Data + Paventra rehearsal assumptions,2026-08-16
BLK-ROAD-133,BLK-133-33817223802559738006173,Wildwood Ave,,,Blackman Charter Township,42.25470289126272,-84.43893703499371,0.10069,2,Asphalt,Local,65,2026-08-16,Medium,1000,10,Moderate,Crack Seal,1,provisional,Michigan GIS Open Data + Paventra rehearsal assumptions,2026-08-16
BLK-ROAD-134,BLK-134-9002043800618238006137,Wildwood Ave,,,Blackman Charter Township,42.25448642873305,-84.46187085416558,0.481248,2,Asphalt,Local,65,2026-08-16,Medium,1000,10,Moderate,Crack Seal,1,provisional,Michigan GIS Open Data + Paventra rehearsal assumptions,2026-08-16
BLK-ROAD-135,BLK-135-8972073800618038006175,W Michigan Ave,,,Blackman Charter Township,42.254730199029346,-84.48327912818156,0.150253,2,Asphalt,Local,65,2026-08-16,Medium,1000,10,Moderate,Crack Seal,1,provisional,Michigan GIS Open Data + Paventra rehearsal assumptions,2026-08-16
BLK-ROAD-136,BLK-136-9048093800618038006144,Blackman Rd,,,Blackman Charter Township,42.254730199029346,-84.48327912818156,0.015858,2,Asphalt,Local,65,2026-08-16,Medium,1000,10,Moderate,Crack Seal,1,provisional,Michigan GIS Open Data + Paventra rehearsal assumptions,2026-08-16
BLK-ROAD-137,BLK-137-9002043800620438006182,Wildwood Ave,,,Blackman Charter Township,42.25423708118501,-84.46206195679981,0.019796,2,Asphalt,Local,65,2026-08-16,Medium,1000,10,Moderate,Crack Seal,1,provisional,Michigan GIS Open Data + Paventra rehearsal assumptions,2026-08-16
BLK-ROAD-138,BLK-138-8972073800617438006204,W Michigan Ave,,,Blackman Charter Township,42.254615509304884,-84.4637549070283,0.090618,2,Asphalt,Local,65,2026-08-16,Medium,1000,10,Moderate,Crack Seal,1,provisional,Michigan GIS Open Data + Paventra rehearsal assumptions,2026-08-16
BLK-ROAD-139,BLK-139-33808113800620838006156,E Laird St,,,Blackman Charter Township,42.25426374793022,-84.46567314642083,0.030644,2,Asphalt,Local,65,2026-08-16,Medium,1000,10,Moderate,Crack Seal,1,provisional,Michigan GIS Open Data + Paventra rehearsal assumptions,2026-08-16
BLK-ROAD-140,BLK-140-33808123802167438006208,N Laird St,,,Blackman Charter Township,42.254266620423365,-84.46629979310754,0.03212,2,Asphalt,Local,65,2026-08-16,Medium,1000,10,Moderate,Crack Seal,1,provisional,Michigan GIS Open Data + Paventra rehearsal assumptions,2026-08-16
BLK-ROAD-141,BLK-141-33816693802167338021674,Buhl,,,Blackman Charter Township,42.25471353814938,-84.46629485244544,0.030835,2,Asphalt,Local,65,2026-08-16,Medium,1000,10,Moderate,Crack Seal,1,provisional,Michigan GIS Open Data + Paventra rehearsal assumptions,2026-08-16
BLK-ROAD-142,BLK-142-33808123800620638021674,N Laird St,,,Blackman Charter Township,42.25426867806933,-84.4667488785427,0.023018,2,Asphalt,Local,65,2026-08-16,Medium,1000,10,Moderate,Crack Seal,1,provisional,Michigan GIS Open Data + Paventra rehearsal assumptions,2026-08-16
BLK-ROAD-143,BLK-143-33808113800615838006206,W Laird St,,,Blackman Charter Township,42.254717780604615,-84.46674794956313,0.030985,2,Asphalt,Local,65,2026-08-16,Medium,1000,10,Moderate,Crack Seal,1,provisional,Michigan GIS Open Data + Paventra rehearsal assumptions,2026-08-16
BLK-ROAD-144,BLK-144-9142073800619938006089,Winifred St,,,Blackman Charter Township,42.25383710096605,-84.43587684763604,0.05893,2,Asphalt,Local,65,2026-08-16,Medium,1000,10,Moderate,Crack Seal,1,provisional,Michigan GIS Open Data + Paventra rehearsal assumptions,2026-08-16
BLK-ROAD-145,BLK-145-9002043800617338006199,Wildwood Ave,,,Blackman Charter Township,42.25421502577806,-84.43708556943744,0.067217,2,Asphalt,Local,65,2026-08-16,Medium,1000,10,Moderate,Crack Seal,1,provisional,Michigan GIS Open Data + Paventra rehearsal assumptions,2026-08-16
BLK-ROAD-146,BLK-146-33808113802167638006208,E Laird St,,,Blackman Charter Township,42.25402171791608,-84.46566784609828,0.016701,2,Asphalt,Local,65,2026-08-16,Medium,1000,10,Moderate,Crack Seal,1,provisional,Michigan GIS Open Data + Paventra rehearsal assumptions,2026-08-16
BLK-ROAD-147,BLK-147-33816703802167538021676,Culver,,,Blackman Charter Township,42.25401009703902,-84.46676345994304,0.056162,2,Asphalt,Local,65,2026-08-16,Medium,1000,10,Moderate,Crack Seal,1,provisional,Michigan GIS Open Data + Paventra rehearsal assumptions,2026-08-16
BLK-ROAD-148,BLK-148-33808113800620638021675,W Laird St,,,Blackman Charter Township,42.25426867806933,-84.4667488785427,0.017856,2,Asphalt,Local,65,2026-08-16,Medium,1000,10,Moderate,Crack Seal,1,provisional,Michigan GIS Open Data + Paventra rehearsal assumptions,2026-08-16
BLK-ROAD-149,BLK-149-9002043800619938025619,Wildwood Ave,,,Blackman Charter Township,42.25383710096605,-84.43587684763604,0.053911,2,Asphalt,Local,65,2026-08-16,Medium,1000,10,Moderate,Crack Seal,1,provisional,Michigan GIS Open Data + Paventra rehearsal assumptions,2026-08-16
BLK-ROAD-150,BLK-150-9142083800624038006083,Wayne St,,,Blackman Charter Township,42.25344188069756,-84.43451162070873,0.086748,2,Asphalt,Local,65,2026-08-16,Medium,1000,10,Moderate,Crack Seal,1,provisional,Michigan GIS Open Data + Paventra rehearsal assumptions,2026-08-16
BLK-ROAD-151,BLK-151-9002043802561938006240,Wildwood Ave,,,Blackman Charter Township,42.25355339420008,-84.43489682033348,0.02119,2,Asphalt,Local,65,2026-08-16,Medium,1000,10,Moderate,Crack Seal,1,provisional,Michigan GIS Open Data + Paventra rehearsal assumptions,2026-08-16
BLK-ROAD-152,BLK-152-33808113802167538006272,W Laird St,,,Blackman Charter Township,42.25401009703902,-84.46676345994304,0.016829,2,Asphalt,Local,65,2026-08-16,Medium,1000,10,Moderate,Crack Seal,1,provisional,Michigan GIS Open Data + Paventra rehearsal assumptions,2026-08-16
BLK-ROAD-153,BLK-153-33808113800627538021676,E Laird St,,,Blackman Charter Township,42.2537054407343,-84.46577510416898,0.024092,2,Asphalt,Local,65,2026-08-16,Medium,1000,10,Moderate,Crack Seal,1,provisional,Michigan GIS Open Data + Paventra rehearsal assumptions,2026-08-16
BLK-ROAD-154,BLK-154-33808113800627238006275,S Laird St,,,Blackman Charter Township,42.25376638800078,-84.46677720232265,0.053627,2,Asphalt,Local,65,2026-08-16,Medium,1000,10,Moderate,Crack Seal,1,provisional,Michigan GIS Open Data + Paventra rehearsal assumptions,2026-08-16
BLK-ROAD-155,BLK-155-17921183800617438006306,Carefree Dr,,,Blackman Charter Township,42.254615509304884,-84.4637549070283,0.068413,2,Asphalt,Local,65,2026-08-16,Medium,1000,10,Moderate,Crack Seal,1,provisional,Michigan GIS Open Data + Paventra rehearsal assumptions,2026-08-16
BLK-ROAD-156,BLK-156-8998013800628538006162,M 60,,,Blackman Charter Township,42.253724023431324,-84.4763868584922,0.079645,2,Asphalt,Local,65,2026-08-16,Medium,1000,10,Moderate,Crack Seal,1,provisional,Michigan GIS Open Data + Paventra rehearsal assumptions,2026-08-16
BLK-ROAD-157,BLK-157-8998023800627838006159,M 60,,,Blackman Charter Township,42.25359335408516,-84.47601406155147,0.089945,2,Asphalt,Local,65,2026-08-16,Medium,1000,10,Moderate,Crack Seal,1,provisional,Michigan GIS Open Data + Paventra rehearsal assumptions,2026-08-16
BLK-ROAD-158,BLK-158-8972073800620438006299,W Michigan Ave,,,Blackman Charter Township,42.25423708118501,-84.46206195679981,0.226749,2,Asphalt,Local,65,2026-08-16,Medium,1000,10,Moderate,Crack Seal,1,provisional,Michigan GIS Open Data + Paventra rehearsal assumptions,2026-08-16
BLK-ROAD-159,BLK-159-9141183800611738006332,Condad Ave,,,Blackman Charter Township,42.25470386655062,-84.44527826975377,0.119713,2,Asphalt,Local,65,2026-08-16,Medium,1000,10,Moderate,Crack Seal,1,provisional,Michigan GIS Open Data + Paventra rehearsal assumptions,2026-08-16
BLK-ROAD-160,BLK-160-9145023800633538006332,Berkley Ave,,,Blackman Charter Township,42.2529684179535,-84.44642939206335,0.059361,2,Asphalt,Local,65,2026-08-16,Medium,1000,10,Moderate,Crack Seal,1,provisional,Michigan GIS Open Data + Paventra rehearsal assumptions,2026-08-16
BLK-ROAD-161,BLK-161-9141063800633538006121,Barrett Ave,,,Blackman Charter Township,42.2529684179535,-84.44642939206335,0.11966,2,Asphalt,Local,65,2026-08-16,Medium,1000,10,Moderate,Crack Seal,1,provisional,Michigan GIS Open Data + Paventra rehearsal assumptions,2026-08-16
BLK-ROAD-162,BLK-162-9145023800633938006335,Berkley Ave,,,Blackman Charter Township,42.252953317917004,-84.44760158577812,0.060091,2,Asphalt,Local,65,2026-08-16,Medium,1000,10,Moderate,Crack Seal,1,provisional,Michigan GIS Open Data + Paventra rehearsal assumptions,2026-08-16
BLK-ROAD-163,BLK-163-33801123800633938006125,Laurence Ave,,,Blackman Charter Township,42.252953317917004,-84.44760158577812,0.121172,2,Asphalt,Local,65,2026-08-16,Medium,1000,10,Moderate,Crack Seal,1,provisional,Michigan GIS Open Data + Paventra rehearsal assumptions,2026-08-16
BLK-ROAD-164,BLK-164-33808093800613138006370,Wildwood Ct,,,Blackman Charter Township,42.25468189675652,-84.44941511460063,0.128961,2,Asphalt,Local,65,2026-08-16,Medium,1000,10,Moderate,Crack Seal,1,provisional,Michigan GIS Open Data + Paventra rehearsal assumptions,2026-08-16
BLK-ROAD-165,BLK-165-8974033800616738006278,Unnamed Road,,,Blackman Charter Township,42.25481161434016,-84.4736880161489,0.278524,2,Asphalt,Local,65,2026-08-16,Medium,1000,10,Moderate,Crack Seal,1,provisional,Michigan GIS Open Data + Paventra rehearsal assumptions,2026-08-16
BLK-ROAD-166,BLK-166-8974023800628538006170,Unnamed Road,,,Blackman Charter Township,42.253724023431324,-84.4763868584922,0.299917,2,Asphalt,Local,65,2026-08-16,Medium,1000,10,Moderate,Crack Seal,1,provisional,Michigan GIS Open Data + Paventra rehearsal assumptions,2026-08-16
BLK-ROAD-167,BLK-167-9141063801795738006335,Barrett Ave,,,Blackman Charter Township,42.25210591695453,-84.44642639012348,0.059507,2,Asphalt,Local,65,2026-08-16,Medium,1000,10,Moderate,Crack Seal,1,provisional,Michigan GIS Open Data + Paventra rehearsal assumptions,2026-08-16
BLK-ROAD-168,BLK-168-8981193800617538006445,Hurst Rd,,,Blackman Charter Township,42.25482014660062,-84.48035046942134,0.16013,2,Asphalt,Local,65,2026-08-16,Medium,1000,10,Moderate,Crack Seal,1,provisional,Michigan GIS Open Data + Paventra rehearsal assumptions,2026-08-16
BLK-ROAD-169,BLK-169-9141183800633238006486,Condad Ave,,,Blackman Charter Township,42.252968739847795,-84.44527151473928,0.078599,2,Asphalt,Local,65,2026-08-16,Medium,1000,10,Moderate,Crack Seal,1,provisional,Michigan GIS Open Data + Paventra rehearsal assumptions,2026-08-16
BLK-ROAD-170,BLK-170-8974083800648338006111,Chestnut St,,,Blackman Charter Township,42.2517846281572,-84.44296217897357,0.201052,2,Asphalt,Local,65,2026-08-16,Medium,1000,10,Moderate,Crack Seal,1,provisional,Michigan GIS Open Data + Paventra rehearsal assumptions,2026-08-16
BLK-ROAD-171,BLK-171-33808103800648638006483,Precision St,,,Blackman Charter Township,42.25182968900414,-84.44529847074372,0.119792,2,Asphalt,Local,65,2026-08-16,Medium,1000,10,Moderate,Crack Seal,1,provisional,Michigan GIS Open Data + Paventra rehearsal assumptions,2026-08-16
BLK-ROAD-172,BLK-172-33801123800646538006339,Laurence Ave,,,Blackman Charter Township,42.251839664029,-84.44760998966362,0.076836,2,Asphalt,Local,65,2026-08-16,Medium,1000,10,Moderate,Crack Seal,1,provisional,Michigan GIS Open Data + Paventra rehearsal assumptions,2026-08-16
BLK-ROAD-173,BLK-173-8972073800629938006477,W Michigan Ave,,,Blackman Charter Township,42.25331058545879,-84.45781749973601,0.41518,2,Asphalt,Local,65,2026-08-16,Medium,1000,10,Moderate,Crack Seal,1,provisional,Michigan GIS Open Data + Paventra rehearsal assumptions,2026-08-16
BLK-ROAD-174,BLK-174-9141063800649538017957,Barrett Ave,,,Blackman Charter Township,42.251583843525836,-84.44642457418638,0.03602,2,Asphalt,Local,65,2026-08-16,Medium,1000,10,Moderate,Crack Seal,1,provisional,Michigan GIS Open Data + Paventra rehearsal assumptions,2026-08-16
BLK-ROAD-175,BLK-175-33801123800649038006465,Laurence Ave,,,Blackman Charter Township,42.251582336780835,-84.44763563239223,0.017802,2,Asphalt,Local,65,2026-08-16,Medium,1000,10,Moderate,Crack Seal,1,provisional,Michigan GIS Open Data + Paventra rehearsal assumptions,2026-08-16
BLK-ROAD-176,BLK-176-8972073800647738006503,W Michigan Ave,,,Blackman Charter Township,42.251705139413694,-84.45001112119758,0.056891,2,Asphalt,Local,65,2026-08-16,Medium,1000,10,Moderate,Crack Seal,1,provisional,Michigan GIS Open Data + Paventra rehearsal assumptions,2026-08-16
BLK-ROAD-177,BLK-177-9141183800648638006517,Condad Ave,,,Blackman Charter Township,42.25182968900414,-84.44529847074372,0.027446,2,Asphalt,Local,65,2026-08-16,Medium,1000,10,Moderate,Crack Seal,1,provisional,Michigan GIS Open Data + Paventra rehearsal assumptions,2026-08-16
BLK-ROAD-178,BLK-178-9049083800650638006445,James McDivitt Rd,,,Blackman Charter Township,42.25190471766262,-84.48268388743047,0.132521,2,Asphalt,Local,65,2026-08-16,Medium,1000,10,Moderate,Crack Seal,1,provisional,Michigan GIS Open Data + Paventra rehearsal assumptions,2026-08-16
BLK-ROAD-179,BLK-179-9049083800651538006506,James McDivitt Rd,,,Blackman Charter Township,42.25188268662958,-84.48330256786218,0.031748,2,Asphalt,Local,65,2026-08-16,Medium,1000,10,Moderate,Crack Seal,1,provisional,Michigan GIS Open Data + Paventra rehearsal assumptions,2026-08-16
BLK-ROAD-180,BLK-180-8981193800644583026696,Hurst Rd,,,Blackman Charter Township,42.25249946312989,-84.48030449021496,0.054313,2,Asphalt,Local,65,2026-08-16,Medium,1000,10,Moderate,Crack Seal,1,provisional,Michigan GIS Open Data + Paventra rehearsal assumptions,2026-08-16
BLK-ROAD-181,BLK-181-9142123800610638006524,Fern Ave,,,Blackman Charter Township,42.25468948300264,-84.4409875150549,0.243939,2,Asphalt,Local,65,2026-08-16,Medium,1000,10,Moderate,Crack Seal,1,provisional,Michigan GIS Open Data + Paventra rehearsal assumptions,2026-08-16
BLK-ROAD-182,BLK-182-9141203800610938006542,Pattie Ave,,,Blackman Charter Township,42.254690550033246,-84.44196582710994,0.243939,2,Asphalt,Local,65,2026-08-16,Medium,1000,10,Moderate,Crack Seal,1,provisional,Michigan GIS Open Data + Paventra rehearsal assumptions,2026-08-16
BLK-ROAD-183,BLK-183-8974083800653638006483,Chestnut St,,,Blackman Charter Township,42.25116035063175,-84.44294953605427,0.043077,2,Asphalt,Local,65,2026-08-16,Medium,1000,10,Moderate,Crack Seal,1,provisional,Michigan GIS Open Data + Paventra rehearsal assumptions,2026-08-16
BLK-ROAD-184,BLK-184-33801123800653138006490,Laurence Ave,,,Blackman Charter Township,42.251221697248496,-84.44768077686307,0.024989,2,Asphalt,Local,65,2026-08-16,Medium,1000,10,Moderate,Crack Seal,1,provisional,Michigan GIS Open Data + Paventra rehearsal assumptions,2026-08-16
BLK-ROAD-185,BLK-185-8972073800650338006531,W Michigan Ave,,,Blackman Charter Township,42.2514966869112,-84.44893726760344,0.067144,2,Asphalt,Local,65,2026-08-16,Medium,1000,10,Moderate,Crack Seal,1,provisional,Michigan GIS Open Data + Paventra rehearsal assumptions,2026-08-16
BLK-ROAD-186,BLK-186-8972073800653138019277,W Michigan Ave,,,Blackman Charter Township,42.251221697248496,-84.44768077686307,0.058526,2,Asphalt,Local,65,2026-08-16,Medium,1000,10,Moderate,Crack Seal,1,provisional,Michigan GIS Open Data + Paventra rehearsal assumptions,2026-08-16
BLK-ROAD-187,BLK-187-9002063800656138006299,Oak Grove Ave,,,Blackman Charter Township,42.251134470126466,-84.45781158216808,0.150138,2,Asphalt,Local,65,2026-08-16,Medium,1000,10,Moderate,Crack Seal,1,provisional,Michigan GIS Open Data + Paventra rehearsal assumptions,2026-08-16
BLK-ROAD-188,BLK-188-9090083800656238006561,Catherine St,,,Blackman Charter Township,42.25113893756476,-84.45899541946999,0.060682,2,Asphalt,Local,65,2026-08-16,Medium,1000,10,Moderate,Crack Seal,1,provisional,Michigan GIS Open Data + Paventra rehearsal assumptions,2026-08-16
BLK-ROAD-189,BLK-189-9090083800656338006562,Catherine St,,,Blackman Charter Township,42.25114289904938,-84.46014384731625,0.058866,2,Asphalt,Local,65,2026-08-16,Medium,1000,10,Moderate,Crack Seal,1,provisional,Michigan GIS Open Data + Paventra rehearsal assumptions,2026-08-16
BLK-ROAD-190,BLK-190-9090083800656538006563,Catherine St,,,Blackman Charter Township,42.25113608273189,-84.46131287121837,0.059923,2,Asphalt,Local,65,2026-08-16,Medium,1000,10,Moderate,Crack Seal,1,provisional,Michigan GIS Open Data + Paventra rehearsal assumptions,2026-08-16
BLK-ROAD-191,BLK-191-9090083800656938006565,Catherine St,,,Blackman Charter Township,42.25113751420497,-84.46259232807584,0.065582,2,Asphalt,Local,65,2026-08-16,Medium,1000,10,Moderate,Crack Seal,1,provisional,Michigan GIS Open Data + Paventra rehearsal assumptions,2026-08-16
BLK-ROAD-192,BLK-192-8998063800656938006204,Robinson Rd,,,Blackman Charter Township,42.25113751420497,-84.46259232807584,0.218082,2,Asphalt,Local,65,2026-08-16,Medium,1000,10,Moderate,Crack Seal,1,provisional,Michigan GIS Open Data + Paventra rehearsal assumptions,2026-08-16
BLK-ROAD-193,BLK-193-9090083800658138006569,Catherine St,,,Blackman Charter Township,42.25116718845195,-84.46877680650778,0.317015,2,Asphalt,Local,65,2026-08-16,Medium,1000,10,Moderate,Crack Seal,1,provisional,Michigan GIS Open Data + Paventra rehearsal assumptions,2026-08-16
BLK-ROAD-194,BLK-194-9002033800658138006163,Pershing Ave,,,Blackman Charter Township,42.25116718845195,-84.46877680650778,0.244659,2,Asphalt,Local,65,2026-08-16,Medium,1000,10,Moderate,Crack Seal,1,provisional,Michigan GIS Open Data + Paventra rehearsal assumptions,2026-08-16
BLK-ROAD-195,BLK-195-9049093800650683026697,Toro Rd,,,Blackman Charter Township,42.25190471766262,-84.48268388743047,0.077134,2,Asphalt,Local,65,2026-08-16,Medium,1000,10,Moderate,Crack Seal,1,provisional,Michigan GIS Open Data + Paventra rehearsal assumptions,2026-08-16
BLK-ROAD-196,BLK-196-9002073800660638006477,Beacon St,,,Blackman Charter Township,42.250470559711566,-84.45002499031334,0.085181,2,Asphalt,Local,65,2026-08-16,Medium,1000,10,Moderate,Crack Seal,1,provisional,Michigan GIS Open Data + Paventra rehearsal assumptions,2026-08-16
BLK-ROAD-197,BLK-197-33812643800661938006617,Alder St,,,Blackman Charter Township,42.25044199399204,-84.44895122711395,0.052815,2,Asphalt,Local,65,2026-08-16,Medium,1000,10,Moderate,Crack Seal,1,provisional,Michigan GIS Open Data + Paventra rehearsal assumptions,2026-08-16
BLK-ROAD-198,BLK-198-9002083800661938006503,Fulford St,,,Blackman Charter Township,42.25044199399204,-84.44895122711395,0.07277,2,Asphalt,Local,65,2026-08-16,Medium,1000,10,Moderate,Crack Seal,1,provisional,Michigan GIS Open Data + Paventra rehearsal assumptions,2026-08-16
BLK-ROAD-199,BLK-199-33812643800660638006619,Alder St,,,Blackman Charter Township,42.250470559711566,-84.45002499031334,0.055083,2,Asphalt,Local,65,2026-08-16,Medium,1000,10,Moderate,Crack Seal,1,provisional,Michigan GIS Open Data + Paventra rehearsal assumptions,2026-08-16
BLK-ROAD-200,BLK-200-9100053800670338006459,N Brown St,,,Blackman Charter Township,42.24937247737875,-84.43320989738613,0.159459,2,Asphalt,Local,65,2026-08-16,Medium,1000,10,Moderate,Crack Seal,1,provisional,Michigan GIS Open Data + Paventra rehearsal assumptions,2026-08-16
BLK-ROAD-201,BLK-201-8981103800664338006164,Unnamed Road,,,Blackman Charter Township,42.24961920279977,-84.47574177655967,0.394284,2,Asphalt,Local,65,2026-08-16,Medium,1000,10,Moderate,Crack Seal,1,provisional,Michigan GIS Open Data + Paventra rehearsal assumptions,2026-08-16
BLK-ROAD-202,BLK-202-8998023800664338006278,M 60,,,Blackman Charter Township,42.24961920279977,-84.47574177655967,0.274545,2,Asphalt,Local,65,2026-08-16,Medium,1000,10,Moderate,Crack Seal,1,provisional,Michigan GIS Open Data + Paventra rehearsal assumptions,2026-08-16
BLK-ROAD-203,BLK-203-9002063800676938006561,Oak Grove Ave,,,Blackman Charter Township,42.249115523254765,-84.45781985234626,0.139295,2,Asphalt,Local,65,2026-08-16,Medium,1000,10,Moderate,Crack Seal,1,provisional,Michigan GIS Open Data + Paventra rehearsal assumptions,2026-08-16
BLK-ROAD-204,BLK-204-33817383800676938006773,Henry St,,,Blackman Charter Township,42.249115523254765,-84.45781985234626,0.060391,2,Asphalt,Local,65,2026-08-16,Medium,1000,10,Moderate,Crack Seal,1,provisional,Michigan GIS Open Data + Paventra rehearsal assumptions,2026-08-16
BLK-ROAD-205,BLK-205-33800523800677338006562,Kenneth St,,,Blackman Charter Township,42.24912981403302,-84.45899783382265,0.138621,2,Asphalt,Local,65,2026-08-16,Medium,1000,10,Moderate,Crack Seal,1,provisional,Michigan GIS Open Data + Paventra rehearsal assumptions,2026-08-16
BLK-ROAD-206,BLK-206-33817383800677338006775,Henry St,,,Blackman Charter Township,42.24912981403302,-84.45899783382265,0.059556,2,Asphalt,Local,65,2026-08-16,Medium,1000,10,Moderate,Crack Seal,1,provisional,Michigan GIS Open Data + Paventra rehearsal assumptions,2026-08-16
BLK-ROAD-207,BLK-207-9107053800677538006563,Evelyn St,,,Blackman Charter Township,42.24912479010062,-84.46015966025045,0.139238,2,Asphalt,Local,65,2026-08-16,Medium,1000,10,Moderate,Crack Seal,1,provisional,Michigan GIS Open Data + Paventra rehearsal assumptions,2026-08-16
BLK-ROAD-208,BLK-208-8998063800676138006569,Robinson Rd,,,Blackman Charter Township,42.24915698895205,-84.46259724134389,0.136643,2,Asphalt,Local,65,2026-08-16,Medium,1000,10,Moderate,Crack Seal,1,provisional,Michigan GIS Open Data + Paventra rehearsal assumptions,2026-08-16
BLK-ROAD-209,BLK-209-33817383800677538006777,Henry St,,,Blackman Charter Township,42.24912479010062,-84.46015966025045,0.058931,2,Asphalt,Local,65,2026-08-16,Medium,1000,10,Moderate,Crack Seal,1,provisional,Michigan GIS Open Data + Paventra rehearsal assumptions,2026-08-16
BLK-ROAD-210,BLK-210-9002053800677738006565,Max St,,,Blackman Charter Township,42.24911214809857,-84.46130919433382,0.139638,2,Asphalt,Local,65,2026-08-16,Medium,1000,10,Moderate,Crack Seal,1,provisional,Michigan GIS Open Data + Paventra rehearsal assumptions,2026-08-16
BLK-ROAD-211,BLK-211-33817383800677738006761,Henry St,,,Blackman Charter Township,42.24911214809857,-84.46130919433382,0.066097,2,Asphalt,Local,65,2026-08-16,Medium,1000,10,Moderate,Crack Seal,1,provisional,Michigan GIS Open Data + Paventra rehearsal assumptions,2026-08-16
BLK-ROAD-212,BLK-212-33817383800676138006757,Henry St,,,Blackman Charter Township,42.24915698895205,-84.46259724134389,0.063025,2,Asphalt,Local,65,2026-08-16,Medium,1000,10,Moderate,Crack Seal,1,provisional,Michigan GIS Open Data + Paventra rehearsal assumptions,2026-08-16
BLK-ROAD-213,BLK-213-8998013800663238006285,M 60,,,Blackman Charter Township,42.24928830251406,-84.47613764745553,0.306302,2,Asphalt,Local,65,2026-08-16,Medium,1000,10,Moderate,Crack Seal,1,provisional,Michigan GIS Open Data + Paventra rehearsal assumptions,2026-08-16
BLK-ROAD-214,BLK-214-8981083800617238006632,Unnamed Road,,,Blackman Charter Township,42.25483136135102,-84.47907744487779,0.430274,2,Asphalt,Local,65,2026-08-16,Medium,1000,10,Moderate,Crack Seal,1,provisional,Michigan GIS Open Data + Paventra rehearsal assumptions,2026-08-16
BLK-ROAD-215,BLK-215-8972073801927738006740,W Michigan Ave,,,Blackman Charter Township,42.251002555409734,-84.44657773568794,0.264371,2,Asphalt,Local,65,2026-08-16,Medium,1000,10,Moderate,Crack Seal,1,provisional,Michigan GIS Open Data + Paventra rehearsal assumptions,2026-08-16
BLK-ROAD-216,BLK-216-8981198302669638021737,Hurst Rd,,,Blackman Charter Township,42.25181367099331,-84.47989959816057,0.249326,2,Asphalt,Local,65,2026-08-16,Medium,1000,10,Moderate,Crack Seal,1,provisional,Michigan GIS Open Data + Paventra rehearsal assumptions,2026-08-16
BLK-ROAD-217,BLK-217-8981193802173738006852,Toro Rd,,,Blackman Charter Township,42.24867132471627,-84.47840392852295,0.164442,2,Asphalt,Local,65,2026-08-16,Medium,1000,10,Moderate,Crack Seal,1,provisional,Michigan GIS Open Data + Paventra rehearsal assumptions,2026-08-16
BLK-ROAD-218,BLK-218-9049098302669738006852,Toro Rd,,,Blackman Charter Township,42.25101419983828,-84.48177674535268,0.165702,2,Asphalt,Local,65,2026-08-16,Medium,1000,10,Moderate,Crack Seal,1,provisional,Michigan GIS Open Data + Paventra rehearsal assumptions,2026-08-16
BLK-ROAD-219,BLK-219-33808923801724338006889,Tanbark Cir,,,Blackman Charter Township,42.24845901251101,-84.44931456119005,0.064307,2,Asphalt,Local,65,2026-08-16,Medium,1000,10,Moderate,Crack Seal,1,provisional,Michigan GIS Open Data + Paventra rehearsal assumptions,2026-08-16
BLK-ROAD-220,BLK-220-33808913800688938006898,Tanbark Cir,,,Blackman Charter Township,42.24806179502139,-84.44823775774597,0.023074,2,Asphalt,Local,65,2026-08-16,Medium,1000,10,Moderate,Crack Seal,1,provisional,Michigan GIS Open Data + Paventra rehearsal assumptions,2026-08-16
BLK-ROAD-221,BLK-221-33808913801724338006889,Tanbark Cir,,,Blackman Charter Township,42.24845901251101,-84.44931456119005,0.106014,2,Asphalt,Local,65,2026-08-16,Medium,1000,10,Moderate,Crack Seal,1,provisional,Michigan GIS Open Data + Paventra rehearsal assumptions,2026-08-16
BLK-ROAD-222,BLK-222-8972073800674038006945,W Michigan Ave,,,Blackman Charter Township,42.24859708814535,-84.44293181696315,0.082616,2,Asphalt,Local,65,2026-08-16,Medium,1000,10,Moderate,Crack Seal,1,provisional,Michigan GIS Open Data + Paventra rehearsal assumptions,2026-08-16
BLK-ROAD-223,BLK-223-9100053800693138006703,N Brown St,,,Blackman Charter Township,42.2474144180238,-84.43318461997224,0.135099,2,Asphalt,Local,65,2026-08-16,Medium,1000,10,Moderate,Crack Seal,1,provisional,Michigan GIS Open Data + Paventra rehearsal assumptions,2026-08-16
BLK-ROAD-224,BLK-224-8972073800693238006931,W Michigan Ave,,,Blackman Charter Township,42.247405451847776,-84.43443379435226,0.064037,2,Asphalt,Local,65,2026-08-16,Medium,1000,10,Moderate,Crack Seal,1,provisional,Michigan GIS Open Data + Paventra rehearsal assumptions,2026-08-16
BLK-ROAD-225,BLK-225-8972073800693538006932,W Michigan Ave,,,Blackman Charter Township,42.24741442713074,-84.4356389344329,0.06178,2,Asphalt,Local,65,2026-08-16,Medium,1000,10,Moderate,Crack Seal,1,provisional,Michigan GIS Open Data + Paventra rehearsal assumptions,2026-08-16
BLK-ROAD-226,BLK-226-8972073800694138006935,W Michigan Ave,,,Blackman Charter Township,42.24741200189327,-84.43927824381926,0.186554,2,Asphalt,Local,65,2026-08-16,Medium,1000,10,Moderate,Crack Seal,1,provisional,Michigan GIS Open Data + Paventra rehearsal assumptions,2026-08-16
BLK-ROAD-227,BLK-227-9091053800694938006945,W Main St,,,Blackman Charter Township,42.2474524254758,-84.44273561973493,0.053012,2,Asphalt,Local,65,2026-08-16,Medium,1000,10,Moderate,Crack Seal,1,provisional,Michigan GIS Open Data + Paventra rehearsal assumptions,2026-08-16
BLK-ROAD-228,BLK-228-8972073800694538006941,W Michigan Ave,,,Blackman Charter Township,42.24770274215044,-84.44189472606139,0.137535,2,Asphalt,Local,65,2026-08-16,Medium,1000,10,Moderate,Crack Seal,1,provisional,Michigan GIS Open Data + Paventra rehearsal assumptions,2026-08-16
BLK-ROAD-229,BLK-229-33808903800689838006953,Tanbark Ln E,,,Blackman Charter Township,42.24805480295481,-84.44778773052072,0.154678,2,Asphalt,Local,65,2026-08-16,Medium,1000,10,Moderate,Crack Seal,1,provisional,Michigan GIS Open Data + Paventra rehearsal assumptions,2026-08-16
BLK-ROAD-230,BLK-230-33808903800694338006898,Tanbark Ln W,,,Blackman Charter Township,42.24747728977209,-84.4471708370626,0.053717,2,Asphalt,Local,65,2026-08-16,Medium,1000,10,Moderate,Crack Seal,1,provisional,Michigan GIS Open Data + Paventra rehearsal assumptions,2026-08-16
BLK-ROAD-231,BLK-231-9106103800697038006961,W Main St,,,Blackman Charter Township,42.247446820953115,-84.45783597715686,0.245875,2,Asphalt,Local,65,2026-08-16,Medium,1000,10,Moderate,Crack Seal,1,provisional,Michigan GIS Open Data + Paventra rehearsal assumptions,2026-08-16
BLK-ROAD-232,BLK-232-9002063800697038006769,Oak Grove Ave,,,Blackman Charter Township,42.247446820953115,-84.45783597715686,0.115132,2,Asphalt,Local,65,2026-08-16,Medium,1000,10,Moderate,Crack Seal,1,provisional,Michigan GIS Open Data + Paventra rehearsal assumptions,2026-08-16
BLK-ROAD-233,BLK-233-9106103800697138006970,W Main St,,,Blackman Charter Township,42.247447700443054,-84.45896567824718,0.057909,2,Asphalt,Local,65,2026-08-16,Medium,1000,10,Moderate,Crack Seal,1,provisional,Michigan GIS Open Data + Paventra rehearsal assumptions,2026-08-16
BLK-ROAD-234,BLK-234-9106103800697238006971,W Main St,,,Blackman Charter Township,42.24744818114029,-84.4590277065096,0.00318,2,Asphalt,Local,65,2026-08-16,Medium,1000,10,Moderate,Crack Seal,1,provisional,Michigan GIS Open Data + Paventra rehearsal assumptions,2026-08-16
BLK-ROAD-235,BLK-235-33800523800697238006773,Kenneth St,,,Blackman Charter Township,42.24744818114029,-84.4590277065096,0.116032,2,Asphalt,Local,65,2026-08-16,Medium,1000,10,Moderate,Crack Seal,1,provisional,Michigan GIS Open Data + Paventra rehearsal assumptions,2026-08-16
BLK-ROAD-236,BLK-236-9106103800697538006972,W Main St,,,Blackman Charter Township,42.247456089620314,-84.46018580914732,0.05937,2,Asphalt,Local,65,2026-08-16,Medium,1000,10,Moderate,Crack Seal,1,provisional,Michigan GIS Open Data + Paventra rehearsal assumptions,2026-08-16
BLK-ROAD-237,BLK-237-9107053800697538006775,Evelyn St,,,Blackman Charter Township,42.247456089620314,-84.46018580914732,0.115138,2,Asphalt,Local,65,2026-08-16,Medium,1000,10,Moderate,Crack Seal,1,provisional,Michigan GIS Open Data + Paventra rehearsal assumptions,2026-08-16
BLK-ROAD-238,BLK-238-9106103800697738006975,W Main St,,,Blackman Charter Township,42.24745434713804,-84.46132077190074,0.058179,2,Asphalt,Local,65,2026-08-16,Medium,1000,10,Moderate,Crack Seal,1,provisional,Michigan GIS Open Data + Paventra rehearsal assumptions,2026-08-16
BLK-ROAD-239,BLK-239-9002053800697738006777,Max St,,,Blackman Charter Township,42.24745434713804,-84.46132077190074,0.114379,2,Asphalt,Local,65,2026-08-16,Medium,1000,10,Moderate,Crack Seal,1,provisional,Michigan GIS Open Data + Paventra rehearsal assumptions,2026-08-16
BLK-ROAD-240,BLK-240-9106103800697938006977,W Main St,,,Blackman Charter Township,42.24746537312085,-84.46258364823346,0.06474,2,Asphalt,Local,65,2026-08-16,Medium,1000,10,Moderate,Crack Seal,1,provisional,Michigan GIS Open Data + Paventra rehearsal assumptions,2026-08-16
BLK-ROAD-241,BLK-241-8998063800697938006761,Robinson Rd,,,Blackman Charter Township,42.24746537312085,-84.46258364823346,0.116712,2,Asphalt,Local,65,2026-08-16,Medium,1000,10,Moderate,Crack Seal,1,provisional,Michigan GIS Open Data + Paventra rehearsal assumptions,2026-08-16
BLK-ROAD-242,BLK-242-9002023800698038006165,Woodland Ave,,,Blackman Charter Township,42.24757088321423,-84.47120362189382,0.49387,2,Asphalt,Local,65,2026-08-16,Medium,1000,10,Moderate,Crack Seal,1,provisional,Michigan GIS Open Data + Paventra rehearsal assumptions,2026-08-16
BLK-ROAD-243,BLK-243-9002033800698938006581,Pershing Ave,,,Blackman Charter Township,42.247482468407625,-84.46879207993057,0.254233,2,Asphalt,Local,65,2026-08-16,Medium,1000,10,Moderate,Crack Seal,1,provisional,Michigan GIS Open Data + Paventra rehearsal assumptions,2026-08-16
BLK-ROAD-244,BLK-244-9174063800698038006989,Barnes Rd,,,Blackman Charter Township,42.24757088321423,-84.47120362189382,0.126745,2,Asphalt,Local,65,2026-08-16,Medium,1000,10,Moderate,Crack Seal,1,provisional,Michigan GIS Open Data + Paventra rehearsal assumptions,2026-08-16
BLK-ROAD-245,BLK-245-8998023800700338006643,M 60,,,Blackman Charter Township,42.247441829931184,-84.47566440814673,0.150277,2,Asphalt,Local,65,2026-08-16,Medium,1000,10,Moderate,Crack Seal,1,provisional,Michigan GIS Open Data + Paventra rehearsal assumptions,2026-08-16
BLK-ROAD-246,BLK-246-33813773800700238007003,M 60 Crossover,,,Blackman Charter Township,42.24744058888417,-84.4760392776588,0.019216,2,Asphalt,Local,65,2026-08-16,Medium,1000,10,Moderate,Crack Seal,1,provisional,Michigan GIS Open Data + Paventra rehearsal assumptions,2026-08-16
BLK-ROAD-247,BLK-247-8998013800700238006632,M 60,,,Blackman Charter Township,42.24744058888417,-84.4760392776588,0.12758,2,Asphalt,Local,65,2026-08-16,Medium,1000,10,Moderate,Crack Seal,1,provisional,Michigan GIS Open Data + Paventra rehearsal assumptions,2026-08-16
